worker_id,completion_code
5d8ddeb79485840019d5a475,7E097A18
5ec40e32f348312bd5506e5d,7E097A18
5e25839a97308b7d860479c8,7E097A18
5eb3c815905f501bc6906fb0,7E097A18
57f3ea7222866100016b5d69,7E097A18
5d8ddeb79485840019d5a475,7E097A18
5b340cf4a8327d00010043bf,7E097A18
5630caf8733ea0000a162d0b,7E097A18
5e25839a97308b7d860479c8,7E097A18
5eebb0ca7b8d2937415c5438,7E097A18
5e10a7074b49a17973dd0d27,7E097A18
57d8a0cbc3e5930001445ccf,7E097A18
5f772d1b2fefba20a40dc411,7E097A18
573116d21efe74000e308d26,7E097A18
5edf45c790b7091e3cfd7f62,7E097A18
5e13a80779f2faa0390977f4,7E097A18
5fa32c429ae7886045ac5769,7E097A18
56dcaa7c2ab7ff0005ba4e28,7E097A18
5c5df997d7b842000156544f,7E097A18
5f045e1c4738d26aa2c213c3,7E097A18
5960d28c2fa2630001d87daf,7E097A18
5f13582eca87cc1f15b25725,7E097A18
5f37f69f5365a529f8a5b89c,7E097A18
5aba52af1667e40001d7e8ce,7E097A18
5e4a19deb16e7247304339af,7E097A18
5f11fdf8357f7a119b38db05,7E097A18
5f89d463d0d16c02a3ca5c1a,7E097A18
5c51974f172b6c000177c2d0,7E097A18
5c5b2cfad85a070001e8fbdf,7E097A18
5d90919e1d2ab50017f73ffe,7E097A18
5d8ddeb79485840019d5a475,7E097A18
5ee6a136236bef425d4644e7,7E097A18
5d532c6854e9bb0017ed6b08,7E097A18
5c09273b81c2ad00019d1dcc,7E097A18
5f96bec3ba319101af9b1a6e,7E097A18
5ebcd014cbe7841069fd656c,7E097A18
5f316a894fdcfc00082d4383,7E097A18
58c0084797641c0001f20649,7E097A18
5f02e64f5a83081831388d97,7E097A18
5f486f73f9229221c9bef0c5,7E097A18
5f0667ea09b0de1bf7cc6958,7E097A18
5ebcd014cbe7841069fd656c,7E097A18
5981071dfa393100019e06e2,7E097A18
580aaa7047d0b600011663d8,7E097A18
5ae647c17edeb000014a8f48,7E097A18
5900a8c649d2230001904153,7E097A18
5e7b779563c6dc05953e3669,7E097A18
5f85750a256d25010d68e377,7E097A18
58209f4785e40e00012f2a7d,7E097A18
57d85e8bb9fb6f0001dda296,7E097A18
5e50127eb3b1b903439d960f,7E097A18
5ce55919c225620017cadd99,7E097A18
5a94a3344eecca0001dd3c52,7E097A18
5a67da5231b87a0001c7405b,7E097A18
5491dac4fdf99b66cd8b4103,7E097A18
59836c1b04619b00011a8d87,7E097A18
5b93db5d83bd380001b89238,7E097A18
5e72cb7f4fabc9222100f9b8,7E097A18
5aff493f331e8100018f130d,7E097A18
5da7321d7776b10016e1b552,7E097A18
5df40af99a993f2f579cc332,7E097A18
5f9f3b5530ae1a565a704cd5,7E097A18
5d128047b88c440001294edd,7E097A18
5c1e2c882c45d40001476647,7E097A18
5f0dd59f55c48309c419e3cb,7E097A18
5ecbaece3ef3467181e50ab8,7E097A18
5ddc2f1f45fb05b81ca70344,7E097A18
59175c2896ffb800017c4caf,7E097A18
5a13080d728b1b0001ad9fce,7E097A18
5b9e9390864aa900018eb8f0,7E097A18
5ebd1f61fcb84d0347e982b6,7E097A18
5a56222f8e6259000175b271,7E097A18
5c5c024e40288d00016c3b7f,7E097A18
5f2dc73cb2b35f102cb83415,7E097A18
5f4c7366661863781ef95643,7E097A18
5f14e8d7f4df8357f6abf38f,7E097A18
5f768ebc3574841450d79d9e,7E097A18
5dbafd726775fe0f7de4e5f9,7E097A18
5e1cd99cbd738506c007f1a2,7E097A18
5b9e90661641f90001d857ff,7E097A18
5f9ae8a0b064e826dd3b6cfc,7E097A18
5d5d85c04a18130019c7cd66,7E097A18
5ba22638474398000172c47b,7E097A18
5b57640fd574e30001c7124f,7E097A18
5ba22638474398000172c47b,7E097A18
5f9f60f26d31ca5a4817bce7,7E097A18
5cf3a40b35933a0001fdc58b,7E097A18
5f72808932968c1cd69c5a5c,7E097A18
5ef3984240c730123cf9564f,7E097A18
5ce575e4fc370e001a34715a,7E097A18
58ed48b66eec530001c28764,7E097A18
5b3226efc6d7d20001146b67,7E097A18
5de16fd00e58661bb3519db8,7E097A18
5c5757d53d8546000132180e,7E097A18
5d877c37c3e7ca001816fb8f,7E097A18
5f9f60f26d31ca5a4817bce7,7E097A18
5f3c3095e30eaca5c1d7a837,7E097A18
5c3eadd8ef1d0d0001b2a940,7E097A18
5ec443bd41139f1423e351a8,7E097A18
5e1cd99cbd738506c007f1a2,7E097A18
5e66b7cc639d1f4320f07bea,7E097A18
5e3373696bf31c344217d6e6,7E097A18
56a8930d7f2472000c93764e,7E097A18
596c8dce12209100018745de,7E097A18
5f431fba0ce12356d2002fe7,7E097A18
5c7cf2bff2fe9400019295d7,7E097A18
5dfd2bc3e297d5a1e28a4d62,7E097A18
5f4839e6951dbe1c030df812,7E097A18
5ef3984240c730123cf9564f,7E097A18
5afdda0456fe2c0001690b1e,7E097A18
58fdcd2be219d00001ee5aa0,7E097A18
5ddf9684ab5919000dd718b4,7E097A18
5d211d28851927001e3a4f1b,7E097A18
5f623c7b7426e2127444bd50,7E097A18
5fa0635999e6ad089ee90238,7E097A18
5ef3984240c730123cf9564f,7E097A18
5fac23ea6bae7e1532e876e4,7E097A18